	hundred	the hundred pipers	http://dbpedia.org/resource/The_Hundred_Pipers	http://dbpedia.org/ontology/march
	turkish	turkish air force march	http://dbpedia.org/resource/Turkish_Air_Force_March	http://dbpedia.org/ontology/march
	go	when the saints go marching in	http://dbpedia.org/resource/When_the_Saints_Go_Marching_In	http://dbpedia.org/ontology/march
	past	royal air force march past	http://dbpedia.org/resource/Royal_Air_Force_March_Past	http://dbpedia.org/ontology/march
	fair	widecombe fair	http://dbpedia.org/resource/Widecombe_Fair	http://dbpedia.org/ontology/march
	past	royal air force march past	http://dbpedia.org/resource/Royal_Air_Force_March_Past	http://dbpedia.org/ontology/march
	over	all the blue bonnets are over the border	http://dbpedia.org/resource/All_the_Blue_Bonnets_Are_over_the_Border	http://dbpedia.org/ontology/march
	a	here's a health unto his majesty	http://dbpedia.org/resource/Here's_a_Health_unto_His_Majesty	http://dbpedia.org/ontology/march
	old	the roast beef of old england	http://dbpedia.org/resource/The_Roast_Beef_of_Old_England	http://dbpedia.org/ontology/march
	bonnie	bonnie dundee	http://dbpedia.org/resource/Bonnie_Dundee	http://dbpedia.org/ontology/march
	wild	l\u00fctzow's wild hunt	http://dbpedia.org/resource/L\u00FCtzow's_Wild_Hunt	http://dbpedia.org/ontology/march
	navy	royal australian navy	http://dbpedia.org/resource/Royal_Australian_Navy_(music)	http://dbpedia.org/ontology/march
	aweigh	anchors aweigh	http://dbpedia.org/resource/Anchors_Aweigh	http://dbpedia.org/ontology/march
	spanish	spanish air force anthem	http://dbpedia.org/resource/Spanish_Air_Force_Anthem	http://dbpedia.org/ontology/march
	on	blood on the risers	http://dbpedia.org/resource/Blood_on_the_Risers	http://dbpedia.org/ontology/march
	north	cock o' the north	http://dbpedia.org/resource/Cock_o'_the_North_(music)	http://dbpedia.org/ontology/march
	north	cock o' the north	http://dbpedia.org/resource/Cock_o'_the_North_(music)	http://dbpedia.org/ontology/march
	on	we painted on the heart	http://dbpedia.org/resource/We_painted_on_the_heart	http://dbpedia.org/ontology/march
	through	marching through georgia	http://dbpedia.org/resource/Marching_Through_Georgia	http://dbpedia.org/ontology/march
	coming	the campbells are coming	http://dbpedia.org/resource/The_Campbells_Are_Coming	http://dbpedia.org/ontology/march
