	roy	roy reid	http://dbpedia.org/resource/Roy_Reid	http://dbpedia.org/ontology/producer
	blue	blue andr\u00e9	http://dbpedia.org/resource/Blue_Andr\u00E9	http://dbpedia.org/ontology/producer
	luke	luke hetherington	http://dbpedia.org/resource/Luke_Hetherington	http://dbpedia.org/ontology/producer
	roy	siddharth roy kapur	http://dbpedia.org/resource/Siddharth_Roy_Kapur	http://dbpedia.org/ontology/producer
	free	free range studios	http://dbpedia.org/resource/Free_Range_Studios	http://dbpedia.org/ontology/producer
	fancy	fancy	http://dbpedia.org/resource/Fancy_(singer)	http://dbpedia.org/ontology/producer
	bone	t bone burnett	http://dbpedia.org/resource/T_Bone_Burnett	http://dbpedia.org/ontology/producer
	gert	gert duve skovlund	http://dbpedia.org/resource/Gert_Duve_Skovlund	http://dbpedia.org/ontology/producer
	ben	ben f. wilson	http://dbpedia.org/resource/Ben_F._Wilson	http://dbpedia.org/ontology/producer
	rush	geoffrey rush	http://dbpedia.org/resource/Geoffrey_Rush	http://dbpedia.org/ontology/producer
	pat	pat mitchell	http://dbpedia.org/resource/Pat_Mitchell	http://dbpedia.org/ontology/producer
	stone	stone gossard	http://dbpedia.org/resource/Stone_Gossard	http://dbpedia.org/ontology/producer
	grand	the grand negaz	http://dbpedia.org/resource/The_Grand_Negaz	http://dbpedia.org/ontology/producer
	adrian	adrian york	http://dbpedia.org/resource/Adrian_York	http://dbpedia.org/ontology/producer
	matt	matt tyrnauer	http://dbpedia.org/resource/Matt_Tyrnauer	http://dbpedia.org/ontology/producer
	eastern	eastern productions	http://dbpedia.org/resource/Eastern_Productions_(I)	http://dbpedia.org/ontology/producer
	christian	christian h. cooper	http://dbpedia.org/resource/Christian_H._Cooper	http://dbpedia.org/ontology/producer
	sager	roy sager	http://dbpedia.org/resource/Roy_Sager	http://dbpedia.org/ontology/producer
	max	max w. kimmich	http://dbpedia.org/resource/Max_W._Kimmich	http://dbpedia.org/ontology/producer
	la	ra\u00fal de la torre	http://dbpedia.org/resource/Ra\u00FAl_de_la_Torre	http://dbpedia.org/ontology/producer
